domicilio;caract_sitio;autores;f_e;tamaÑo_mts;ubicacion;tecnica;nombre_obra;lon;lat
Av. Cnel. Roca 1549;"Esc.Téc. 33, De 19, ""fund. M. Del Plumerillo""";Luis Elvera;1950;;Hall central;Oleo sobre soporte rígido;Alegoría a la bandera;;
Av. Cnel. Roca 1549;"Esc.Téc. 33, De 19, ""fund. M. Del Plumerillo""";Luis Elvera;1950;;Hall central;Oleo sobre soporte rígido;Alegoría al Plumerillo;;
Ciudad Universitaria;Pabellón 1 Fac. De Ciencias Exactas;Juan Manuel Sánchez;1965;;hall primer piso;Pintura mural;La ciencia y el mito;;
Ciudad Universitaria;Pabellón 1 Fac. De Ciencias Exactas;Mario Mollari;1965;;planta baja;Pintura mural;La espera;;
Av. Alvear 1761/77;Galería Alvear;Raúl Alejandro Monsegur;1957;;acceso;Pintura al óleo s/ aglomerado;Personajes;;
Av. Córdoba 6551;Vivienda Multifamiliar ;Carlos Pfeiffer, Liliana Ferrari;1997;10 x 22;Fondo - medianera;Esgrafiado;América, Liberación y Grandeza;;
Estación Lima;Pasaje Lima Norte, Línea A;Horacio Altuna;2002;;pasaje;Mural cerámico;Gente de Buenos Aires;;
Estación Lima;Pasaje Lima Sur, Línea A;Hermenegildo Sábat;2000;1,80 x 5;pasaje;Mural cerámico;Músicos de Buenos Aires: a Julio De Caro;;
Estación Lima;Pasaje Lima Sur, Línea A;Hermenegildo Sábat;2000;1,80 x 5;pasaje;Mural cerámico;Músicos de Buenos Aires: a Astor Piazzolla;;
Estación Lima;Pasaje Lima Sur, Línea A;Hermenegildo Sábat;2000;1,80 x 5;pasaje;Mural cerámico;Músicos de Buenos Aires: a Troilo, Manzi, Discépolo y Gardel;;
Estación  Federico Lacroze;Línea B;Emma Gargiulo;2000;;andén sur;Mural cerámico;Título desconocido;;
Estación  Federico Lacroze;Línea B;Gustavo Grünig;1991;;andén sur;Mural cerámico;El desatino;;
Estación Angel Gallardo;Línea B;Margarita Paksa;1991;;andén sur;Mural cerámico;Flores de mi país;;
Estación Angel Gallardo;Línea B;Marcia Schvartz ;1991;;andén sur;Mural cerámico;Título desconocido;;
Estación Callao;Línea B;Daniel Kaplan;1991;;andén sur;Mural cerámico;Título desconocido;;
Estación Callao;Línea B;Héctor Meana;1991;;andén sur;Mural cerámico;Título desconocido;;
Estación Carlos Gardel;Línea B;Andrés Compagnucci;2000;;andén sur;Mural cerámico;Gardel por tres;;
Estación Carlos Gardel;Línea B;Andrés Compagnucci;2000;;andén norte;Mural cerámico;Abasto;;
Estación Carlos Gardel;Línea B;Carlos Páez Vilaró;1998;;vestíbulo;Mural cerámico;Homenaje a Buenos Aires;;
Estación Carlos Gardel;Línea B;Carlos Páez Vilaró;1998;;vestíbulo;Mural cerámico;Mi Buenos Aires querido;;
Estación Carlos Gardel;Línea B;León Untroib;2000;;vestíbulo;Filete;Carlos Gardel: eterno en el alma y en el tiempo;;
Estación Dorrego;Línea B;Roberto Scafidi;1991;;andén sur;Mural cerámico;Título desconocido;;
Estación Dorrego;Línea B;J. Cáceres;1991;;andén sur;Mural cerámico;Canto de amor para América Latina;;
Estación Dorrego;Línea B;Mildred Burton / Passolini, Sundblad;1991;;andén norte;Mural cerámico;A 3 niñas argentinas inmoladas, Gimena Hernández, Nahir Mostafá y María Soledad Morales;;
Estación Dorrego;Línea B;Cambré;1991;;andén sur;Mural cerámico;El duende está en cada movimiento de nuestras vidas;;
Estación Florida;Línea B;Mariano Imposti Indart;1998;;andén norte;Mural cerámico;Homenaje a Patoruzú;;
Estación Medrano;Línea B;Juan Pablo Renzi, col.: Arturo Holzer;1991;;andén sur;Mural cerámico;Durante la criminal guerra del Golfo;;
Estación Medrano;Línea B;Ricardo Roux;1991;;andén norte;Mural cerámico;Título desconocido;;
Estación Pueyrredón;Línea B;Juan Doffo;1991;;andén sur;Mural cerámico;Los elementos;;
Estación Uruguay;Línea B;Francisco Solano López / Alberto Breccia;1991;;andén sur;Mural cerámico;Homenaje a El Eternauta;;
Estación Uruguay;Línea B;Roberto Fontanarrosa;1998;;andén norte;Mural cerámico;Inodoro Pereyra;;
Estación Uruguay;Línea B;Crist (Cristóbal Reynoso);1991;;andén norte;Mural cerámico;Título desconocido;;
Estación San Martín;Línea B;Luis Benedit;2000;;andén norte;Mural cerámico;Sur;;
Estación San Martín;Línea B;Luis Felipe Noé;2007;;andén sur;Mural cerámico;;;
Estación  Av. de Mayo;Línea C;Ignacio Zuloaga y Zabaleta;1934;2 x 4,30;andén oeste;Mural cerámico;Paisajes de España: Acueducto Romano de Segovia;;
Estación  Av. de Mayo;Línea C;Fernando Alvarez Sotomayor;1934;2 x 4,30;andén este;Mural cerámico;Alegoría España - Argentina;;
Estación Constitución;Línea C;Florencio Molina Campos;1999;;andén este;Mural cerámico;Pa nuevos Horizontes;;
Estación Constitución;Línea C;Florencio Molina Campos;1999;;andén este;Mural cerámico;Beyaquiando juerte;;
Estación Constitución;Línea C;Florencio Molina Campos;1999;;andén este;Mural cerámico;Ej de laj once y sais;;
Estación Diagonal Norte;Línea C;Martín S. Noel - Manuel Escasany;1934;1,85 x 15,80;andén norte;Mural cerámico;Paisajes de España: Avila, Toledo, Soria y Segovia;;
Estación Diagonal Norte;Línea C;Martín S. Noel - Manuel Escasany;1934;1,85 x 15,80;andén sur;Mural cerámico;Paisajes de España:Burgos, Madrid, Aranjuez, El Escorial y Madrid, Puerta de Alcalá;;
Estación Independencia ;Línea C;Martín S. Noel - Manuel Escasany;1934;1,80 x 16,30;andén oeste;Mural cerámico;Paisajes de España: Granada, Córdoba, Ronda, Palos y Huelva;;
Estación Independencia ;Línea C;Martín S. Noel - Manuel Escasany;1934;1,80 x 16,30;andén este;Mural cerámico;Paisajes de España: Sevilla;;
Estación Lavalle;Línea C;Martín S. Noel - Manuel Escasany;1934;1,80 x 16,30;andén este;Mural cerámico;Paisajes de España:Alicante, Valencia, Teruel, Huesca, Zaragoza;;
Estación Lavalle;Línea C;Martín S. Noel - Manuel Escasany;1934;1,80 x 16,30;andén oeste;Mural cerámico;Paisajes de España: Lérida, Tarragona, Barcelona y Monserrat;;
Estación Mariano Moreno;Línea C;Martín S. Noel - Manuel Escasany;1934;1,80 x 16,30;andén oeste;Mural cerámico;Paisajes de España: Bilbao, Santander, San Sebastián, Alava y Navarra;;
Estación Mariano Moreno;Línea C;Martín S. Noel - Manuel Escasany;1934;1,80 x 16,30;andén este;Mural cerámico;Paisajes de España: Santiago, Lugo, Asturias y Santander;;
Estación Retiro;Línea C;Fernando Allievi;1999;;andén oeste;Mural cerámico;Las Máscaras;;
Estación Retiro;Línea C;Fernando Allievi;1999;;andén oeste;Mural cerámico;Las primeras luces;;
Estación Retiro;Línea C;Fernando Allievi;1999;;andén oeste;Mural cerámico;Historia del sábado;;
Estación San Juan ;Línea C;Martín S. Noel - Manuel Escasany;1934;1,80 x 16,10;andén oeste;Mural cerámico;Paisajes de España: Levante, Albacete, Murcia y Valencia;;
Estación San Juan ;Línea C;Martín S. Noel - Manuel Escasany;1934;1,80 x 16,10;andén este;Mural cerámico;Paisajes de España:Zamora, Salamanca, León;;
Estación San Martín;Línea C;Rodolfo Rolando Medina;1969;1,00 x 6,00;acceso ;Cemento policromado;La gesta sanmartiniana;;
Estación San Martín;Línea C;Rodolfo Rolando Medina;1969;1,00 x 6,00;acceso ;Cemento policromado;La gesta sanmartiniana;;
Estación San Martín;Línea C;Luis Fernando Benedit;2000;;andén oeste;Mural cerámico;El sur;;
Estación San Juan ;Línea C;Martín S. Noel - Manuel Escasany;1934;1,80 x 16,10;andén oeste;Mural cerámico;Paisajes de España: Levante, Albacete, Murcia y Valencia;;
Estación San Juan ;Línea C;Martín S. Noel - Manuel Escasany;1934;1,80 x 16,10;andén este;Mural cerámico;Paisajes de España:Zamora, Salamanca, León;;
Estación San Martín;Línea C;Rodolfo Medina;1969;1,00 x 6,00;acceso ;Cemento policromado;La gesta sanmartiniana;;
Estación San Martín;Línea C;Rodolfo Medina;1969;1,00 x 6,00;acceso ;Cemento policromado;La gesta sanmartiniana;;
Estación San Martín;Línea C;Luis Fernando Benedit;2000;;andén oeste;Mural cerámico;El sur;;
Estación  Agüero;Línea D;Rodolfo Franco;1938;15.50 x 1.80;andén norte;Mural cerámico;Camino a Córdoba del Tucumán;;
Estación  Agüero;Línea D;Rodolfo Franco;1938;15.50 x 1.80;andén sur;Mural cerámico;Los colonizadores;;
Estación 9 de Julio;Línea D;Alfredo Guido;1936;1,80 x 15;andén sur;Mural cerámico;La llegada de las carretas,Flores,la quinta y el rancho en 1835, Luján, los cereales y el Río de la Plata en 1936;;
Estación Bulnes;Línea D;Alfredo Guido;1938;1,80 x 15,50;andén sur;Mural cerámico;Las leyendas del país de la selva;;
Estación Bulnes;Línea D;Alfredo Guido;1938;1,80 x 15,50;andén norte;Mural cerámico;Arqueología diaguita. Los valles. Tucumán: la zafra y los ingenios;;
Estación Catedral;Línea D;Rodolfo Franco, Alfredo Guido;1936;;andén sur;Mural cerámico;Tertulia en la Alameda, Buenos Aires en 1830;;
Estación Catedral;Línea D;Rodolfo Franco, Alfredo Guido;1936;;andén norte;Mural cerámico; Buenos Aires en 1936;;
Estación Facultad de Medicina;Línea D;Alfredo Guido;1938;;andén norte;Mural cerámico;Santa Fe 1938: Puente Setúbal, Rio Paraná, Rosario 1938;;
Estación Facultad de Medicina;Línea D;Alfredo Guido;1938;1,80 x 15,5;andén sur;Mural cerámico;Rosario 1836: la posta, la chacra, Santa Fe 1836;;
Estación José Hernández;Línea D;Raúl Soldi;1997;5.22 x 2.72;andén sur;Mural cerámico;En el jardín;;
Estación José Hernández;Línea D;Raúl Soldi;1997;5.22 x 2.72;andén sur;Mural cerámico;Los amantes;;
Estación José Hernández;Línea D;Raúl Soldi;1991;5.22 x 2.72;andén norte;Mural cerámico;El ensayo;;
Estación José Hernández;Línea D;Raúl Soldi;1991;5.22 x 2.72;andén norte;Mural cerámico;La Música;;
Estación Juramento;Línea D;Prilidiano Pueyrredón;1861;2.00 x 1.80;vestíbulo;Mural cerámico;Lavanderas del Bajo Belgrano;;
Estación Juramento;Línea D;Jorge F. Schwarz;1998;4 x 2.50;andén sur;Mural cerámico;Crucero ARA, Gral. Belgrano;;
Estación Juramento;Línea D;Prilidiano Pueyrredón;1865;4.00 x 2.00;vestíbulo;Mural cerámico;Un alto en el camino;;
Estación Juramento;Línea D;Antonio J. Spotorno;1949;4.00 x 2.00;vestíbulo;Mural cerámico;Litografías de Belgrano;;
Estación Palermo;Línea D;Rafael Cuenca Muñoz;1934;2,20 x 3,60;vestíbulo;Mural cerámico;Almería, España: La espera;;
Estación Plaza Italia;Línea D;Benito Quinquela Martín;1939;4,23 x 6,35;piso andén este;Cemento policromado;La descarga de los convoyes;;
Estación Plaza Italia;Línea D;Léonie Matthis de Villar;1937;2,15 x 3,60;andén oeste;Mural cerámico;La visita del gobernador;;
Estación Plaza Italia;Línea D;Léonie Matthis de Villar;1937;2,15 x 3,60;andén este;Mural cerámico;Casamientos colectivos en la Misión San Ignacio Miní;;
Estación Scalabrini Ortiz;Línea D;Rodolfo Franco;1938;1,80 x 15,50;andén norte;Mural cerámico;Tareas campesinas;;
Estación Scalabrini Ortiz;Línea D;Rodolfo Franco;1938;1,80 x 15,5;andén sur;Mural cerámico;Evocaciones de Salta;;
Estación Tribunales;Línea D;Rodolfo Franco;1937;2,70 x 10,30;subida lado oeste;Mural cerámico del tímpano;Garay y Mendoza;;
Estación Tribunales;Línea D;Rodolfo Franco;1937;2,70 x 10,30;subida lado este;Mural cerámico del tímpano;América y España;;
Estación Olleros;Línea D;Josefina Robirosa;2004;;;Mural Cerámico;Plaza de verano;;
Estación Olleros;Línea D;Josefina Robirosa;2004;;;Mural Cerámico;Plaza de invierno;;
Estación  Urquiza;Línea E;Léonie Matthis de Villar;1938;1,80 x 15,50;andén norte;Mural cerámico;La batalla de Caseros;;
Estación  Urquiza;Línea E;Léonie Matthis de Villar;1938;!,80 x 15,50;andén sur;Mural cerámico;La entrada triunfal del Gral. Urquiza en Buenos Aires;;
Estación Boedo;Línea E;Primaldo Mónaco;1959;11.10 x 3.90;tímpano este;Mural cerámico del tímpano;Niños jugando;;
Estación Boedo;Línea E;Alfredo Guido;1959;12.30 x 3.75;tímpano oeste;Mural cerámico;Boedo a mediados del siglo XIX;;
Estación Entre Ríos;Línea E;Antonio Ortiz Echagüe;1939;15.50 x 1.80;andén norte;Mural cerámico;La conquista del desierto;;
Estación Entre Ríos;Línea E;Antonio Ortiz Echagüe;1939;15.50 x 1.80;andén sur;Mural cerámico;Fundación de pueblos en la pampa;;
Estación Jujuy;Línea E;Alejandro Sirio;1939;15.50 x 1.80;andén norte;Mural cerámico;Jujuy: las riquezas naturales;;
Estación Jujuy;Línea E;Alejandro Sirio;1939;15.50 x 1.81;andén sur;Mural cerámico;Jujuy: los gauchos norteños;;
Estación San José;Línea E;Otto Durá;1939;1,80 x 15,50;andén sur;Mural cerámico;Los lagos del sur;;
Estación San José;Línea E;Otto Durá;1939;15.50 x 1.80;andén norte;Mural cerámico;Las Cataratas del Iguazú;;
Estación Medalla Milagrosa;Línea E;Santiago García Sáenz;2001;;;Mural cerámico;;;
Estación Medalla Milagrosa;Línea E;Santiago García Sáenz;2001;;;Mural cerámico;;;
Av. Pedro de Mendoza 1821;Teatro De La Ribera;Benito Quinquela Martín;1968;4 x 4;Hall Primer Piso;Oleo S/ Harboard;Crepúsculo;-58.3609;-34.6387
Av. Coronel Roca  y A. J. Luppi;;Contraluz Mural (ex Taller Muralista UTE);1998;;fachada;Pintura mural;Homenaje a los trabajadores de la educación;;
Calle Lanín;Entre Av.Suárez Y Vías Del Roca;Marino Santa María;2000;;fachadas;Pintura mural;Proyecto Lanín;;
Esmeralda y Rivadavia;Plaza Roberto Arlt;Alberto Cedrón;1971;;s/ muro Esmeralda;Técnica mixta;Escultura mural;;
Bolívar 1;      Palacio De Gobierno De La Ciudad;José María Carbonero;1910;2,40 x 4;Salón Blanco;Óleo S/ Tela;La Fundación de Buenos Aires;-58.374;-34.6082
Arroyo 1130;                   Embajada De Brasil;José Luis Sert y Badia;1932;6 x 12;Cielorraso Gran Hall;Marouflage (oleo Sobre Tela Pegado Al Cielorraso);Los equilibristas;-58.3835;-34.592
Arroyo 1130;                   Embajada De Brasil;José Luis Sert y Badia;1932;6,60 x 8,30;Sala De Música;Marouflage (oleo Sobre Tela Pegado Al Cielorraso);El agujero celeste;-58.3835;-34.592
Arroyo 1130;                   Embajada De Brasil;José Luis Sert y Badia;1932;5 x 7,20;Pequeño Comedor;Marouflage (oleo Sobre Tela Pegado Al Cielorraso);La tela de araña;-58.3835;-34.592
Arroyo 1130;                   Embajada De Brasil;José Luis Sert y Badia;1932;5,60 x 10,20;Gran Comedor;Marouflage (oleo Sobre Tela Pegado Al Cielorraso);El aseo de Don Quijote;-58.3835;-34.592
Arroyo 1130;                   Embajada De Brasil;José Luis Sert y Badia;1932;6,60 x 7,80;Salón Dorado;Marouflage (oleo Sobre Tela Pegado Al Cielorraso);Diana, la Cazadora;-58.3835;-34.592
Arroyo 1130;                   Embajada De Brasil;José Luis Sert y Badia;1932;6,60 x 7,80;Dormitorio ;Englomizer (pintura Sobre Espejo);Narciso en el espejo;-58.3835;-34.592
Sarmiento 980;                    Edificio Del Plata;Burnichon / Mele / Obarrio;;;Fachada;Mural Cerámico;Título desconocido;-58.3805;-34.6055
Sarmiento 1551;Centro Cultural San Martín;Julio Le Parc;1967;;Centro Cultural;Mural Madera, Chapa Y Acero Inoxidable;Desplazamientos;-58.3886;-34.6054
Libertad 641;Teatro Colón;Raúl Soldi;1966;320 m2;Cúpula;Oleo S/ Lienzo Aplicado;Alegoría a la música, al canto y al baile;-58.3839;-34.601
Libertad 641;Teatro Colón;Casa Félix Gaudín, París;1907;14m de dia{metro;Vestíbulo Principal;Vitraux Sombrilla Central;Sin título;-58.3839;-34.601
Rawson 106;Centro Cultural Impa;Baltazar Leiro;2002;;Fachada;Pintura Mural Con Texturas De Metal;Resistencia y lucha;-58.4259;-34.6117
Sarmiento 2233;Soc. Hebraica Argentina;Antonio Berni;1943;3 x 2;Escalera;Fresco;Las artes;-58.3986;-34.6057
Sarmiento 2233;Soc. Hebraica Argentina;Demetrio Urruchúa;1943;4 x 5;Oficina;Fresco;La cultura dignifica a los hombres y hermana a los pueblos;-58.3986;-34.6057
Sarmiento 2233;Soc. Hebraica Argentina;Juan Carlos Castagnino;1943;3.50 x 3.50;Bar;Fresco;La ofrenda de la nueva tierra;-58.3986;-34.6057
Sarmiento 2233;Soc. Hebraica Argentina;Juan Batlle Planas;1945;6 x 2;Hall;Mosaico Veneciano;Exodo;-58.3986;-34.6057
Sarmiento 2233;Soc. Hebraica Argentina;Juan Batlle Planas;1945;4 x 2;Hall;Mosaico Veneciano;El pueblo hebreo;-58.3986;-34.6057
Sarmiento 2233;Soc. Hebraica Argentina;Luis Seoane;1945;4 x 2;;Vitral;;-58.3986;-34.6057
San Martín 705;Santa Catalina De Siena;Eduardo Plá;1999;;Fachada;Gigantografía ;Santa Catalina de Siena ;-58.3741;-34.5997
Moreno 711;Inst.Univ J.Perón, Esc.Nac.Museología/otros;Matilde Grant;1980;;Fachada;Pintura Mural;Las palomas;-58.3765;-34.6115
Lavalle 669;Ex Cine Luxor;Máximo Maldonado / Miguel Ocampo;1944;2,50 x 6;;Fresco;Ornamentación;-58.3762;-34.602
Moreno 970;Estudios De Grabación Tnt;Rodolfo Julio Bardi;1968;;;Relieve En Cemento Patinado;Grabando;-58.38;-34.6121
Arroyo 810;Vivienda Multifamiliar ;Bernardo Bouts;1944;4,50 x 2 ;Hall;Fresco;Título desconocido;-58.3788;-34.5926
Cuba 2141;Vivienda Multifamiliar ;Luis Seoane;;;Hall;;Figuras;-58.4549;-34.5603
Moreno 376;Oficinas;Gustavo Van Treeck, Munich;1920;;Escalera ;Vitraux;Industria;-58.3715;-34.6114
Moreno 376;Oficinas;Gustavo Van Treeck, Munich;1920;;Escalera ;Vitraux;Agricultura;-58.3715;-34.6114
Moreno 376;Oficinas;Gustavo Van Treeck, Munich;1920;;Escalera ;Vitraux;Ganadería;-58.3715;-34.6114
Moreno 376;Oficinas;Gustavo Van Treeck, Munich;1920;;Escalera ;Vitraux;Comercio;-58.3715;-34.6114
Moreno 376;Oficinas;Gustavo Van Treeck, Munich;1920;;Escalera ;Vitraux;Tráfico;-58.3715;-34.6114
Moreno 970;Oficinas;Rodolfo Julio Bardi;1968;;"Estudio De Grabación ""tnt""";Relieve;Grabando;-58.38;-34.6121
Av. Brasil 1138, Gral. Hornos 11;Estación Constitución, Fcg Roca;Gerardo Cianciolo;2000;120 x 3;Andén 14;Pintura Mural;Historia del ferrocarril;-58.3804;-34.6279
Av. Independencia 501,esq. Perú;Edificio De Viviendas;Reato / Ledesma / Caveri / Rojas;1990;20 x 13;Muro Exterior;Pintura Mural;Carnaval de antaño;-58.3731;-34.6172
Av. Juan B. Justo al 1000;Muros Del Fcg San Martín;Alfredo Segatori (Pelado);1999;irregular;S/ Línea Oficial De Edificación;Pintura Mural En Aerosol;Hachadores;-58.43;-34.5819
Av. Pedro de Mendoza al 1600;Cuartel De Bomberos;Andrés Bestard y colaboradores;1978;18 x 6;Fachada;Mural Esgrafiado;Homenaje a nuestros hermanos nativos de América;-58.3571;-34.638
Cerrito al 1300;Plaza Cataluña;B.J.F.C.;1996;;Med. Embajada De Francia;Pintura Mural;Trompe ´l oeil;-58.3829;-34.5929
Cochabamba e/ Combate de los Pozos y Sarandí;Plaza Francisco Canaro;Dante Quinterno;2000;;;;Patoruzú e Isidoro;-58.3927;-34.624
Dr. Enrique del Valle Ibarlucea 1282;;Vincent Walter;1990;1,50 x 2,50;Fachada;Relieve En Cemento Patinado;Don Benito Quinquela Martín;-58.3822;-34.633
Perón 1372;Unione E Benevolenza;Luis Trinchero;1913;;Fachada;Relieves;Fiebre amarilla;-58.3858;-34.6067
Guzmán 730;Cementerio De La Chacarita, Capilla ;Miguel Petrone Gaudino;1940;;Capilla De Responsos, Sector A;Oleo Sobre Tela;La resurrección de Lázaro;-58.4557;-34.5873
Perón 1372;Unione E Benevolenza;Luis Trinchero;1913;;Fachada;Relieves;Socorros Mutuos;-58.3858;-34.6067
Perón 1372;Unione E Benevolenza;Luis Trinchero;1913;;Fachada;Relieves;Trabajo;-58.3858;-34.6067
Perón 1372;Unione E Benevolenza;Luis Trinchero;1913;;Fachada;Relieves;Instrucción;-58.3858;-34.6067
Guzmán 730;Cementerio De La Chacarita, Capilla ;Emilio Centurión;1940;;Capilla De Responsos, Sector A;Oleo Sobre Tela;La resurrección de Cristo;-58.4557;-34.5873
Hipólito Yrigoyen 250 / Balcarce 139;Ministerio De Economía;Jorge Soto Acébal;1939;3,40 x 2,76;Hall;Óleo S/ Tela;Primer Trueque;-58.3702;-34.6093
Hipólito Yrigoyen 250 / Balcarce 139;Ministerio De Economía;Jorge Soto Acébal;1939;3,40 x 2,76;Hall;Óleo S/ Tela;Principios de la corriente inmigratoria;-58.3702;-34.6093
Hipólito Yrigoyen 250 / Balcarce 139;Ministerio De Economía;Raúl Mazza;1939;1,67 x 2,77;Of 1220;Öleo S/tela;La cosecha;-58.3702;-34.6093
Hipólito Yrigoyen 250 / Balcarce 139;Ministerio De Economía;Gastón Jarry;1939;2,34 x 2,78;Of 528;Óleo S/ Tela;Puertos Argentinos;-58.3702;-34.6093
Hipólito Yrigoyen 250 / Balcarce 139;Ministerio De Economía;Antonio Ramón Pibernat;1939;2,34 x 2,77;Of 511;Óleo S/ Tela;Vendimia;-58.3702;-34.6093
Hipólito Yrigoyen 250 / Balcarce 139;Ministerio De Economía;Emilio Centurión;1939;1,67 x 2,78;Salón De Cuadros;Óleo S/ Tela;Aserradero;-58.3702;-34.6093
Hipólito Yrigoyen 250 / Balcarce 139;Ministerio De Economía;Adolfo Montero;1939;1,68 x 2,78;Of 820;Óleo S/ Tela;Nativos norteños en mercado regional;-58.3702;-34.6093
Hipólito Yrigoyen 250 / Balcarce 139;Ministerio De Economía;Ernesto Riccio;1939;1,67 x 2,77;Of 513;Óleo S/ Tela;Aserradero;-58.3702;-34.6093
Hipólito Yrigoyen 250 / Balcarce 139;Ministerio De Economía;Antonio Alice;1939;2,32 x 3,52;Hall 6 Piso;Óleo S/ Tela;Riquezas Argentinas;-58.3702;-34.6093
Hipólito Yrigoyen 250 / Balcarce 139;Ministerio De Economía;Edelmiro Lescano Ceballos;1939;1,67 x 2,77;Of 1020;Óleo S/ Tela;Nativos ofreciendo riquezas;-58.3702;-34.6093
Hipólito Yrigoyen 250 / Balcarce 139;Ministerio De Economía;Paulina Blinder;1939;.67 x .50;Of 606;Óleo S/ Tela;La segadora;-58.3702;-34.6093
Marcelo Torcuato de Alvear 1864;Poder Judicial;Benito Quinquela Martín;1937;;Escalera Principal;Oleo Sobre Hardboard;Construcción de desagües;-58.3942;-34.5973
Moreno 1330 / 32;Unión Personal Civil De La Nación;Autor desconocido;1910; 2.90 x 3.50;Hall 1º Piso;Vitraux;La noche;-58.3852;-34.6122
Moreno 1330 / 32;Unión Personal Civil De La Nación;Autor desconocido;1910;2,90 x 3,50;Hall 1º Piso;Vitraux;El día;-58.3852;-34.6122
Moreno 1330 / 32;Unión Personal Civil De La Nación;Autor desconocido;1910;2 x 4;Techo Acceso;Pintura Mural ;Figura femenina;-58.3852;-34.6122
Moreno 1330 / 32;Unión Personal Civil De La Nación;Autor desconocido;1910;5 x 5;Cielorraso S/ Hall Central;Pintura Mural ;Industria;-58.3852;-34.6122
Av. de Mayo 501 esq Chacabuco 17;Banco Hbsc;Benitpo Quinquela Martín;1962;;Hall;Oleo Sobre Madera;Día de trabajo en La Boca;-58.374;-34.6082
Av. Fgueroa Alcorta 2263;Facultad De Derecho Y Ciencias Sociales;Benito Quinquela Martín;;;Pileta De Natación;Esmalte Sobre Hierro;;-58.3919;-34.5825
Moreno 560 / 84;Casa Nac.De La Música,ex Bibl.Nac.;Arq. Carlos Morra;1901;;Ex Sala De Lectura;Vitraux  Claraboya;Sin título;-58.3742;-34.6115
Av. Callao 540 esquina Tucumán;San Salvador;Nazareno Orlandi;;;Bóveda Nave Central;Fresco;;-58.3933;-34.6026
California 2084/94;Central Park, Ex Fabril Financiera ;Pérez Celis;1999;;Fachada;Pintura Mural;Título desconocido;-58.3764;-34.6482
Av. Pedro de Mendoza 1777, Lamadrid 576;Enet Nº31 De Artes Gráficas;Benito Quinquela Martín;1949;;Patio;Esmalte A Fuego S/ Planchas De Hierro;Título desconocido;-58.3601;-34.6384
Av. Pedro de Mendoza 1801, esq. Palos;"Jardín Maternal ""benito Quinquela Martín""";Benito Quinquela Martín;1946;;Patio;Esmalte A Fuego S/ Planchas De Hierro;Obreros en actividad;-58.3606;-34.6388
Saavedra 15 esq. Av. Rivadavia;Dirección De Sanidad Escolar;Mónica Corrales;1988;;Fachada;Esgrafiado;Salud, Paz y Democracia;-58.4035;-34.6103
Wenceslao Villafañe 1342 esq. Azara;Esc. De Bellas Artes Manuel Belgrano;Julián Crigna y Pablo López;2007;;Segundo Piso;Xilograbado Y Pintura Mural;Homenaje a 30 años de la noche de los lápices;-58.3717;-34.635
Adolfo Alsina 416, esq. Defensa;Farmacia La Estrella;Carlos Barberis;1900;3m de diámetro;Cielorraso;Pintura Mural;La Farmacia, la Salud y la Enfermedad;-58.3724;-34.6104
Av. de Mayo 701 esq Chacabuco 15;Banco Hsbc;Benito Quinquela Martín;1962;;Hall;Oleo Sobre Madera;Día de trabajo en La Boca;-58.3767;-34.6084
Chacabuco  271 / 285;Librería Del Muro, Edit. Perfil;ex bloques del muro de Berlín;1992;;Hall;Pintura En Aerosol;Historia del Muro de Berlín;-58.3764;-34.6112
Cerviño 3261/ 67;Clínica Juri;Mariano Pagés;1967;;Hall;Relieve En Mármol;El nacimiento de Eva;-58.4059;-34.5813
Esmeralda 561/ Tucumán 764;Galería Del Centro;Luis Seoane;1958;;Espacio Central;Mural Cerámico Y Figuras En Hierro;Homenaje a Guaman Poma de Ayala;-58.378;-34.6019
Libertad 948 / 56;Galería Las Victorias;Luis Seoane;1953;;Acceso Por Libertad ;Figuras De Hierro S/ Mosaico Veneciano;Mater Galeciae;-58.3846;-34.5976
Marcelo Torcuato de Alvear 626;Galería Embassy;Juan Antonio Vázquez;1965;4 x 2,50;Acceso Por M.T. De Alvear;Altorrelieve Con Figuras De Bronce;Personajes;-58.376;-34.5967
Marcelo Torcuato de Alvear 626;Galería Embassy;Juan Antonio Vázquez;1965;4 x 2,50;Acceso Por M.T. De Alvear;Altorrelieve Con Figuras De Bronce;Personajes;-58.376;-34.5967
Av. Alvear 1800 y Av. Callao;Vivienda Multifamiliar ;Julio Geró;1950;;Fachada;Relieve;Mujer y paloma;-58.3882;-34.5883
Av. Corrientes 2415/25;Oficinas;Autor desconocido;1970;;Fachada;Mural Cerámico;Título desconocido;-58.4012;-34.6046
Echeverría 2210 esquina Cuba;Vivienda Multifamiliar ;Eduardo Alonso Casellas;1980;;Hall;Pintura Mural;Fiesta en el Barrio Chino;-58.4539;-34.5621
Esmeralda 1075 / 77;Vivienda Multifamiliar ;Luis Seoane;1934;;Hall;Concreto/resinas/metal;Las Pescadoras;-58.3782;-34.5955
Esmeralda 1075 / 77;Vivienda Multifamiliar ;Luis Seoane;1934;;Hall;Vitraux;Escenas campesinas;-58.3782;-34.5955
O`Higgins 1815;Viivenda Multifamiliar;Horacio Vopdovotz;1966;;Fachada;Mural Cerámico;Lago Kineret;-58.4506;-34.5624
Hipólito Yrigoyen 250 / Balcarce 139;Ministerio De Economía;Gregorio López Naguil;1939;4,85 x 4,00;Hall;Óleo S/ Tela;La Pesca;-58.3702;-34.6093
Hipólito Yrigoyen 250 / Balcarce 139;Ministerio De Economía;Cesáreo Bernaldo De Quirós;1939;4,85 x 4,00;Hall;Óleo S/ Tela;Tierra de promisión;-58.3702;-34.6093
Comodoro Py 2002 y Av. Antártida Argentina;Edificio De Tribunales;Atilio Boveri;;;;Pintura S/ Vidrio;;-58.3691;-34.5876
Av. 9 de Jukio 1925 ;Ministerio De Salud;Benito Quinquela Martín;1938;;Despacho Ministerial;Pintura Mural;En plena actividad;-58.3815;-34.6122
Agüero 2502;Biblioteca Nacional;Carlos Páez Vilaró;1998;;Hall Primer Piso;Pintura Mural;A la Biblioteca Nacional;-58.3978;-34.5848
Arenales 819;                    Palacio San Martín;Marcelle Rondenay;1910;;Cielorraso Salón Dorado;Marouflage (oleo Sobre Tela Pegado Al Cielorraso);América y la fortuna;-58.3788;-34.5941
Av. Santa Fe 750;           Círculo Militar, Ex Palacio Paz;;1912;16m de diámetro;Cúpula Del Gran Hall De Honor;Vitraux;;-58.3778;-34.5959
Av.de los Inmigrantes y Av.Pte. Castillo;Terminal De Cruceros;Benito Quinquela Martín;1930;18 x 3,20;;Oleo S/ Soporte Rígido;Día de trabajo;-58.3687;-34.5842
Av.del Libertador 1850;Automóvil Club Argentino;Emilio Centurión / Dante Ortolani;1942;;Salón De Actos;Fresco;Actividades del país;-58.4;-34.5831
Av.del Libertador 1850;Automóvil Club Argentino;Alfredo Guido;1942;;Salón De Turismo;Fresco;La Panamericana;-58.4;-34.5831
Av.del Libertador 1850;Automóvil Club Argentino;Héctor Basaldúa;1942;;Hall 8º Piso;Fresco;Las estaciones de servicio;-58.4;-34.5831
Av.del Libertador 1850;Automóvil Club Argentino;Mercedes Rodrigué / Jorge Soto Acebal;1942;;Salón Comedor, 9º Piso;Fresco;Un alto en la ruta;-58.4;-34.5831
Av. Diagonal Norte Roque Sáenz Peña 615;Poder Judicial De La Nación;Juan Carlos Miraglia;;;Primer Piso;Relieve Escultórico;Relieve;-58.3757;-34.6067
Av. Diagonal Norte Roque Sáenz Peña 777;Ex Edificio De Ypf;Alberto Lagos;1938;;Hall De Acceso;Relieve;Alegoría;-58.3777;-34.6057
Carlos Pellegrini 211;    Gob. C.Bs. As., Ex Mercado Del Plata;Juan Antonio Vázquez;1963;10 x 6;Hall De Acceso;Mural Cerámico;Título desconocido;-58.3805;-34.6055
Carlos Pellegrini 291;    Gob. C.Bs. As., Ex Mercado Del Plata;Juan Antonio Vázquez;1963;10 x 6;Hall De Acceso;Mural Cerámico ;Título desconocido;-58.3805;-34.6055
Gándara 2840;Club Social El Trébol;Pedro Gaeta;1989;;Interior;Pintura Mural;Mitología porteña, Parque Chas;-58.4809;-34.5835
Estados Unidos 1532;Sindicato De Los Obreros De La Alimentación;Ricardo Carpani;1966;;Salón De Actos;Pintura Mural;Trabajo, solidaridad y lucha;-58.3879;-34.6192
Estados Unidos 1532;Sindicato De Los Obreros De La Alimentación;Ricardo Carpani;1974;;Salón De Actos;Pintura Mural;Conciencia;-58.3879;-34.6192
Estados Unidos 1532;Sindicato De Los Obreros De La Alimentación;Pascual Di Bianco;1966;;Salón De Actos;Pintura Mural;Trabajadores;-58.3879;-34.6192
Sarmiento 151;                     Correo Central;Amadeo Dell'Acqua;1945;2 x 6;Sala De Correo;Oleo Sobre Madera Terciada;Las comunicaciones modernas;-58.3695;-34.6036
Sarmiento 151;                     Correo Central;Amadeo Dell'Acqua;1945;2 x 6;Sala De Correo;Oleo Sobre Madera Terciada;Las comunicaciones marítimas de la primera época;-58.3695;-34.6036
Tucuman 737;Sindicato Del Vestido;Pascual Di Bianco;1964;5.50 x 4;Hall;Pintura Mural ;Dirigentes en Asamblea;-58.3774;-34.6008
Tucuman 737;Sindicato Del Vestido;Ricardo Carpani;1964;5.50 x 4;Hall;Pintura Mural;1° de mayo;-58.3774;-34.6008
Alsina 1766;Asociación Argentina De Actores;Raúl Soldi;1960;6 x 2;Hall;Oleo S/tela;Alegoría;-58.3912;-34.6118
Av. Angel Gallardo y Leopoldo Marechal;Capilla Del Divino Rostro;Augusto  César Ferrari;1915;;Capilla;Pintura Mural Al Grafito;La beneficencia a través de los siglos;-58.4393;-34.6056
Av. Angel Gallardo 470;Museo Ciencias Naturales;Alfredo Bigatti;1938;2,50 x 1,50;Fachada;Bajorrelieve;Flamencos;-58.4381;-34.6051
Av. Angel Gallardo 470;Museo Ciencias Naturales;Alfredo Bigatti;1938;2,50 x 1,50;Fachada;Bajorrelieve;Tapires;-58.4381;-34.6051
Av. Angel Gallardo 470;Museo Ciencias Naturales;Donato A. Proietto;1938;2,50 x 1,50;Fachada;Bajorrelieve;Llamas;-58.4381;-34.6051
Av. Angel Gallardo 470;Museo Ciencias Naturales;Donato A. Proietto;1938;2,50 x 1,50;Fachada;Bajorrelieve;Cóndores;-58.4381;-34.6051
Av. Angel Gallardo 470;Museo Ciencias Naturales;Emilio J. Sarniguet;1938;2,50 x 1,50;Fachada;Bajorrelieve;Pumas;-58.4381;-34.6051
Av. Angel Gallardo 470;Museo Ciencias Naturales;Luis C. Rovatti;1938;2,50 x 1,50;Fachada;Bajorrelieve;Guanacos;-58.4381;-34.6051
Av. Angel Gallardo 470;Museo Ciencias Naturales;Luis C. Rovatti;1938;2,50 x 1,50;Fachada;Bajorrelieve;Aborígenes;-58.4381;-34.6051
Av. Angel Gallardo 470;Museo Ciencias Naturales;Juan Carlos Oliva Navarro;1938;2,50 x 1,50;Fachada;Bajorrelieve;Focas y lobo de mar;-58.4381;-34.6051
Av. Córdoba 701;Sociedad Estímulo De Bellas Artes;Carlos Terríbili;1996;12 x 3;Fachada;Pintura Mural;Alegorías;-58.377;-34.5987
Av. Corrientes 1153;Centro Cultural De La Cooperación;Carlos Alonso;2002;2,30 x 3;Planta Baja;Acrílico Sobre Tela;El Taller;-58.3832;-34.6035
Av. Corrientes 1153;Centro Cultural De La Cooperación;Rodolfo Campodónico;2002;3 x 2,30;Subsuelo;Oleo Sobre Tela;La vida sobre la mesa;-58.3832;-34.6035
Av. Corrientes 1153;Centro Cultural De La Cooperación;Aníbal Cedrón;2002;2,30 x 3;Subsuelo;Acrílico Sobre Tela;La marea donde ardía;-58.3832;-34.6035
Av. Corrientes 1153;Centro Cultural De La Cooperación;Luis Felipe Noé;2002;3 x 2,30;Subsuelo;Acrílico Sobre Tela;Camino a la solidaridad, la cooperación y la esperanza;-58.3832;-34.6035
Av. Corrientes 1153;Centro Cultural De La Cooperación;Carlos Gorriarena;2002;2,30 x 3;Planta Baja;Acrílico Sobre Tela;!Ah, la vaca!;-58.3832;-34.6035
Av. Corrientes 1530;Teatro Gral. San Martín;Carlos De La Cárcova;1959;5 x 3;Hall Sala Casacuberta;Altorrelieve;Alegoría;-58.3886;-34.6048
Av. Corrientes 1530;Teatro Gral. San Martín;Luis Seoane;1959;35 x 11;Hall Sala Casacuberta;Pintura Mural Con Resinas Sintéticas;El nacimiento del Teatro Argentino;-58.3886;-34.6048
Av. Corrientes 1530;Teatro Gral. San Martín;Juan Batlle Planas;1960;24 x 2,90;Sala Carlos Morel;Mural Cerámico;Alegoría;-58.3886;-34.6048
Av. Corrientes 1530;Teatro Gral. San Martín;José Fioravanti;1959;5 x 2,50;Hall Sala Martín Coronado;Altorrelieve De Cemento Coloreado;El teatro criollo;-58.3886;-34.6048
Av. Corrientes 1530;Teatro Gral. San Martín;Juan Antonio Ballester Peña;1959;;Sala Leopoldo Lugones;Mural Cerámico;Título desconocido;-58.3886;-34.6048
Av. Corrientes 1530;Teatro Gral. San Martín;Rogelio Polesello;2006;;Sala Leopoldo Lugones;Mural De Pastillas De Pasta De Vidrio;Nunca recuerdo olvidarte;-58.3886;-34.6048
Av. Corrientes 1530;Teatro Gral. San Martín;Luis Diego Pedreira;2000;;Sala Cunil Cabanillas;Mural Cerámico;Los hermanos Podestá;-58.3886;-34.6048
Av. de Mayo 575;Casa De La Cultura;Nazareno Orlandi;1898;;Salón Dorado;Marouflage (oleo Sobre Tela Pegado Al Cielorraso);Atenea y las musas;-58.3744;-34.6082
Av. Del Libertador 1473;Museo Nacional De Bellas Artes;Alfredo Bigatti;1937;;Sala De Exposiciones;Relieve En Bronce;Cocina criolla;-58.3945;-34.5832
Av. Del Libertador 2373;Museo De Arte Popular José Hernández;Alejandro Puente;2007;;Acceso;Mural De Pastillas De Pasta De Vidrio;Homenaje al artista artesano;-58.4049;-34.5796
Av. Garay 102;Diario Crónica;Carlos Genovese;1998;3 x 2;Fachada;Pintura Mural;Bailongo del 900;-58.3667;-34.6241
Av.Las Heras 1833;Colegio De Escribanos;Raúl Soldi;1972;;Salón Soldi;Marouflage (oleo Sobre Tela Pegado A La Pared);Las mujeres sabias;-58.392;-34.5913
Av. Pedro de Mendoza 1821;Teatro De La Ribera;Benito Quinquela Martín;1968;4 x 4;Sala Teatral;Oleo S/ Harboard;Saludo a la Bandera;-58.3609;-34.6387
Av. Pedro de Mendoza 1821;Teatro De La Ribera;Benito Quinquela Martín;1968;4 x 4;Sala Teatral;Oleo S/ Harboard;Procesión náutica;-58.3609;-34.6387
Av. Pedro de Mendoza 1821;Teatro De La Ribera;Benito Quinquela Martín;1968;4 x 4;Sala Teatral;Oleo S/ Harboard;Día del Trabajo;-58.3609;-34.6387
Av. Pedro de Mendoza 1821;Teatro De La Ribera;Benito Quinquela Martín;1968;4 x 4;Sala Teatral;Oleo S/ Harboard;Tango de la ribera;-58.3609;-34.6387
Av. Pedro de Mendoza 1821;Teatro De La Ribera;Benito Quinquela Martín;1967;4 x 4;Sala Teatral;Oleo S/ Harboard;Arrancando;-58.3609;-34.6387
Av. Pedro de Mendoza 1821;Teatro De La Ribera;Benito Quinquela Martín;1967;4 x 4;Sala Teatral;Oleo S/ Harboard;Día de fiesta;-58.3609;-34.6387
Av. Pedro de Mendoza 1821;Teatro De La Ribera;Benito Quinquela Martín;1968;4 x 4;Hall Primer Piso;Oleo S/ Harboard;Rincón de La Boca;-58.3609;-34.6387
Av. Santa Fe 1235;Casa Del Teatro , Teatro Regina;Benito Quinquela Martín;1928;3 x 5;Foyer;Oleo S/ Tela;Descargando carbón;-58.385;-34.5954
Av. Santa Fe 1235;Casa Del Teatro , Teatro Regina;Benito Quinquela Martín;1928;3 x 5;Foyer;Oleo S/ Tela;En plena actividad;-58.385;-34.5954
Boulogne Sur Mer 547;Teatro Ift;C.Biscione, M.Glorioso, W. Viladrich;1952;2.50 x 3.60;Terraza ;Relieve Escultórico En Piedra;Alegoría de la Poesía, la Tragedia, la Danza, la Comedia y la Música;-58.4061;-34.6037
Boulogne Sur Mer 547;Teatro Ift;Julio Barragán y otros;1952;15 x 3;Sala De 2° Piso;Pintura Mural ;Historia de los Teatros argentino y judío;-58.4061;-34.6037
Boulogne Sur Mer 547;Teatro Ift;Juan Carlos Castagnino;1952;irregular;Foyer Teatro;Grabado En Mármol;El teatro es escuela para adultos;-58.4061;-34.6037
Boulogne Sur Mer 547;Teatro Ift;Manuel Kantor;1952;irregular;Entrepiso Foyer;Grabado En Mármol;Músicos populares;-58.4061;-34.6037
Boulogne Sur Mer 547;Teatro Ift;Bartolomé Mirabelli;1952;irregular;Entrepiso Foyer;Grabado En Mármol;Cantantes populares;-58.4061;-34.6037
Caminito;Calle Museo;Benito Quinquela Martín;;1 x 1.20;calle;Mosaico veneciano;Rincón boquense;;
Caminito;Calle Museo;Julio Vergottini;c1948;1.70 x 2.40;calle;Bajorrelieve;La canción;;
Caminito;Calle Museo;Israel Hoffman;c1948;0.75 x 1.45;calle;Bajorrelieve;Guardia Vieja - Tango;;
Caminito;Calle Museo;Roberto Capurro;c1948;1.40 x 1.40;calle;Altorrelieve;Esperando la barca;;
Caminito;Calle Museo;Marisa Balmaseda Krause;1948;0.95 x 1.75;calle;Bajorrelieve;Herrero boquense;;
Caminito;Calle Museo;Luis Perlotti;1939;1.60 x 2.50;calle;Bajorrelieve;Las tejedoras;;
Caminito;Calle Museo;Ricardo Sánchez;1965;3 x 5,3;calle;Mural cerámico;Regreso de la pesca;;
Caminito;Calle Museo;Luis Perlotti;1948;1.10 x 1.80;calle;Bajorrelieve;Santos Vega;;
Caminito;Calle Museo;Ybarra García;c1948;1.32 x 2.44;calle;Bajorrelieve;Fragata Sarmiento;;
Caminito;Calle Museo;Luis Perlotti;c1948;1 x 0.90;calle;Bajorrelieve;Clavel del aire;;
Caminito;Calle Museo;Benito Quinquela Martín;c1948;0.66 x 0.85;calle;Mural cerámico;Día del Trabajo;;
Caminito;Calle Museo;Humberto Cerantonio;c1948;1.50 x 4.20;calle;Altorrelieve;El maestro - El coro - El trabajo (tríptico);;
Caminito;Calle Museo;Mar Fernández;c1948;0.88 x 1.25;calle;Bajorrelieve;La familia;;
Caminito;Calle Museo;Julio Vergottini;c1948;4 x 2.30;calle;Bajorrelieve;La sirga;;
Lambaré 873;Radio La T¿tribu;Diego Perrota, Viviana Garófoli;1999;14 x 3;Fachada;Pintura Mural;Título desconocido;-58.4303;-34.6047
Querandíes 4288;Centro Cultural Impa;Marcelo Carpita;2002;;Acceso;Pintura Mural Con Aplicaciones De Aluminio;Impa, Industria Metalúrgica Plástica Argentina;-58.4266;-34.6116
Adolfo Alsina 380;San Francisco;Horacio Butler;1969;8 x 12;;Tapiz;Glorificación a San Francisco;-58.3718;-34.6102
Av. Santa Fe 4370;Parroquia Sagrada Eucaristía;Armando Sica;1955;1,85 x 4,50;Atrio;Fresco;Relatos bíblicos;-58.4235;-34.5804
Av. Santa Fe 4370;Parroquia Sagrada Eucaristía;Norah Borges;1950;1,85 x 4,50;Altar Mayor;Pintura Mural;Angeles;-58.4235;-34.5804
Brasil 315;Iglesia Ortodoxa Rusa;Esc. Nac. de Cerámica Fernando  Arranz;1990;2 x 3;Medianera Acceso;Mural Cerámico;Bautismo de Rusia, 988/1988;-58.37;-34.625
Dr. Felipe Aranguren 693;Parroquia El Buen Pastor;Gerardo Cianciolo;2000;8 x 13;S/altar Mayor;Pintura Mural Con Esmalte Sintético;Título desconocido;-58.4423;-34.614
Dr. Felipe Aranguren 693;Parroquia El Buen Pastor;Marcelo Carpita;2000;irregular;Nave ;Pintura Mural Con Esmalte Sintético;Vía Crucis;-58.4423;-34.614
Necochea 312;Ntra.Sra.Madre De Los Emigrantes;Benito Quinquela Martín;1967;3 x 4;Fachada;Mural Cerámico;La despedida;-58.3637;-34.6274
Necochea 312;Ntra.Sra.Madre De Los Emigrantes;Raúl Russo;1967;3 x 4;Acceso;Vitraux;Título desconocido;-58.3637;-34.6274
Necochea 312;Ntra.Sra.Madre De Los Emigrantes;Armando Sica;1967;3 x 4;Lateral Altar;Vitraux;Nuestra Señora Madre de los Emigrantes;-58.3637;-34.6274
Necochea 312;Ntra.Sra.Madre De Los Emigrantes;Juan Ballester Peña;1967;3 x 4;Frente Altar;Vitraux;Símbolos eucarísticos;-58.3637;-34.6274
Necochea 312;Ntra.Sra.Madre De Los Emigrantes;Gerardo Cianciolo;1995;3 x 4;Esterior Lateral;Pintura Mural;Los inmigrantes;-58.3637;-34.6274
Rivadavia 437;Catedral Metropolitana;Francisco Paolo Parisi;1901;;Nave Central;Pintura Mural Al Encausto ;San Simón;-58.3732;-34.6075
Rivadavia 437;Catedral Metropolitana;Francisco Paolo Parisi;1901;;Nave Central;Pintura Mural Al Encausto ;San Tadeo;-58.3732;-34.6075
Rogelio Yrurtia 5800;Iglesia San Juan El Precursor;Gastón Jarry;1945;;S/altar ;Fresco;San Juan el Precursor;-58.5024;-34.5632
Traful 3535;Nuestra Señora De La Divina Providencia;María Székely;1959;;Nave;Frescos (12);La almohada de los pobres;-58.4107;-34.6503
Venezuela 1536;Centro Cultural Betanzos;Juan Manuel Sánchez;2007;;Auditorio;Oleo Sobre Tela;Galicia;-58.388;-34.6148
Av. Pedro de Mendoza 2841;Barraca Merlo;Juan Carlos Victorica;c1924;3.60 x 4.80;Fachada;Mural Cerámico;El balcón;-58.3605;-34.6461
Av. Pedro de Mendoza 2841;Barraca Merlo;Benito Quinquela Martín;c1924;5.10 x 5.85;Fachada;Mural Cerámico;Embarque de granos;-58.3605;-34.6461
Av. Pedro de Mendoza 2841;Barraca Merlo;Fortunato Lacámera;c1924;4.80 x 5;Fachada;Mural Cerámico;Calle de La Boca;-58.3605;-34.6461
Andonaegui 1532;"Escuela N° 27, De15, ""petronila Rodríguez""";Chiesa - Castagna - Baldini;1935;;Salón De Actos;Fresco;Descubrimiento de América;-58.4821;-34.5851
Av. Las Heras 3086;Escuela Herrera Vegas;Gerardo Cianciolo;2004;;Hall Acceso;Pintura Mural;La educación es un derecho;-58.4053;-34.5838
Av. Pedro de Mendoza 1835;Escuela Museo;Benito Quinquela Martín;1936;6.50 x 2.70;"Aula ""e.J.Sarniguet""";Oleo S/ Tela;Regreso de la pesca;-58.3611;-34.6387
Av. Pedro de Mendoza 1835;Escuela Museo;Benito Quinquela Martín;1936;2.70 x 6.50;"Aula ""e.Sivori""";Oleo S/ Tela;La despedida;-58.3611;-34.6387
Av. Pedro de Mendoza 1835;Escuela Museo;Benito Quinquela Martín;1936;6.50 x 2.70;"Aula ""a.Alice""";Oleo S/ Tela;Cargadoras de naranjas en Corrientes;-58.3611;-34.6387
Av. Pedro de Mendoza 1835;Escuela Museo;Benito Quinquela Martín;1936;6 x 2.70;"Aula ""l.C.Morales""";Oleo S/ Tela;Buzos en el fondo del mar;-58.3611;-34.6387
Av. Pedro de Mendoza 1835;Escuela Museo;Benito Quinquela Martín;1936;6 x 2.70;"Aula ""f.Fader""";Oleo S/ Tela;Fogata de San Juan;-58.3611;-34.6387
Av. Pedro de Mendoza 1835;Escuela Museo;Benito Quinquela Martín;1936;5 x 2.60;"Aula ""j. Bermúdez""";Oleo S/ Tela;Inundación en La Boca;-58.3611;-34.6387
Av. Pedro de Mendoza 1835;Escuela Museo;Benito Quinquela Martín;1936;6.50 x 3.00;"Aula ""p.Colivadino""";Oleo S/ Tela;La Boca en el año 1860;-58.3611;-34.6387
Av. Pedro de Mendoza 1835;Escuela Museo;Benito Quinquela Martín;1936;6.50 x 2.70;"Aula ""p.Z.Briano""";Oleo S/ Tela;Bendición de las barcas;-58.3611;-34.6387
Av. Pedro de Mendoza 1835;Escuela Museo;Benito Quinquela Martín;1936;9 x 3.00;Patio Cubierto;Oleo S/ Tela;Carnaval en La Boca;-58.3611;-34.6387
Av. Pedro de Mendoza 1835;Escuela Museo;Benito Quinquela Martín;1936;4.50 x 5.00;Patio Del 1° Piso;Oleo S/ Tela;Embarque de cereales;-58.3611;-34.6387
Av. Pedro de Mendoza 1835;Escuela Museo;Benito Quinquela Martín;1936;6.50 x 3.00;"Aula ""mendilamarzu""";Oleo S/ Tela;Mascarones;-58.3611;-34.6387
Av. Pedro de Mendoza 1835;Escuela Museo;Benito Quinquela Martín;1936;6.50 x 2.70;"Aula ""t. De Libian""";Oleo S/ Tela;Cargadores de carbón;-58.3611;-34.6387
Av. Pedro de Mendoza 1835;Escuela Museo;Benito Quinquela Martín;1936;9 x 3.00;Patio Cubierto;Mural Cerámico;El desfile del circo;-58.3611;-34.6387
Av. Pedro de Mendoza 1835;Escuela Museo;Benito Quinquela Martín;1936;6.50 x 2.70;Patio Cubierto;Mural Cerámico;Saludo a la Bandera;-58.3611;-34.6387
Av. Pedro de Mendoza 1835;Escuela Museo;Hebe Salvat;1936;1.96 x 1.05;Patio Del 1° Piso;Mural Cerámico;El angel campesino;-58.3611;-34.6387
California 1925;Esc. Tte. Gral. Rosendo Fraga;Gerardo Cianciolo;2001;;Fachada;Pintura Mural;Título desconocido;-58.3758;-34.6469
General Urquiza 277;Esc. Normal Superior Nº2  Mariano Acosta;Nazareno Orlandi;1910;;Salón De Actos;Marouflage (oleo Sobre Tela Pegado Al Cielorraso) ;Título desconocido;-58.41;-34.6137
Juan Agustín García 2755;"Escuela Nº7, De 17, ""república De México""";Benito Quinquela Martín;1941;;Hall ;Oleo Y Cera En Chapas De Celotex;Trabajo ;-58.4806;-34.6092
Julian Alvarez 2849;"Escuela Nº12, De1, ""gral. Las Heras""";Del Piero - Cárdenas;1999;8.00 x 10.00;;Esgrafiado;Título desconocido;-58.411;-34.5844
Mercedes 4002;"Esc.Em 3, De17, ""antonio Devoto""";Rodolfo Campodónico;1967;7.50 x 3.60;Salón De Actos;Oleo Sobre Tela;Título desconocido;-58.5125;-34.6006
Olavarría 486;Colegio San Juan Evangelista;Domingo Ianantuoni;1969;;Fachada;Mural Cerámico;Humanización al trabajo. Cristo en La Boca. Dignificación de la vida;-58.3593;-34.637
Presidente Luis Sáenz Peña 1215;"Esc Nº11, De 3 ""dr. Ricardo Gutiérrez""";Gerardo Cianciolo;2003;;Fachada;Pintura Mural;Homenaje a la escuela pública;-58.3876;-34.6227
Yerbal 2370;"Escuela Nº1, De 12 ""gral. Urquiza""";Raúl Soldi;1975;2 x 3;Patio Cubierto;Mural Cerámico;Santa Ana y la Virgen Niña imaginando sus sueños;-58.4627;-34.6278
Zabala 1837;Universidad De Belgrano;Pérez Celis;1997;;Hall ;Mural En Madera Y Acero Inoxidable;El camino del conocimiento;-58.444;-34.564
Brandsen 805;Club Atlético Boca Juniors;Rómulo Maccio;1999;;Frente/s Del Valle Ibarlucea;Esmalte Sintético S/ Paneles Metálicos;Alegorías;-58.3649;-34.6357
Brandsen 805;Club Atlético Boca Juniors;Pérez Celis;1999;;Frente/s Del Valle Ibarlucea;Altorrelieve Con Mosaico Veneciano;Idolos;-58.3649;-34.6357
Brandsen 805;Club Atlético Boca Juniors;Pérez Celis;1999;;Frente/s Del Valle Ibarlucea;Altorrelieve Con Mosaico Veneciano;Mito y destino;-58.3649;-34.6357
Brandsen 805;Club Atlético Boca Juniors;Benito Quinquela Martín;1941;5 x 7;Hall De Entrada;Oleo S/ Aglomerado De Madera;El origen de los colores de la bandera de Boca;-58.3649;-34.6357
Brandsen 805;Club Atlético Boca Juniors;Gerardo Cianciolo / Marcelo Carpita;1994;;Frente S/brandsen;Pintura Mural;Dale Boca;-58.3649;-34.6357
Av. Figueroa Alcorta 7597;Club River Plate;Benito Quinquela Martín;1937;;Confitería Del Estadio;Oleo Sobre Madera;El campeón;-58.4494;-34.5467
Av. Figueroa Alcorta 7597;Club River Plate;Benito Quinquela Martín;1937;;Confitería Del Estadio;Oleo Sobre Madera;La primera cancha de River;-58.4494;-34.5467
Av. Alvarez Jonte 4767;Galeria Jonte;Juan Manuel Sánchez;1965;;Aceso;Pintura Mural;La familia;-58.5058;-34.6193
Av. Cabildo 2869;Cine Arteplex Belgrano, Ex Cine Savoy;Roberto Del Villano;1991;;Primer Piso;Pintura Mural;Homenaje al cine;-58.4618;-34.5556
Av. Corrientes 1145;Galería Del Obelisco;Juan Carlos Castagnino;1961;4 x 5;Acceso Por Av. Corrientes;Pintura Mural Al Óleo;Despertar en la llanura;-58.3829;-34.6035
Av. Corrientes 1369;Pizzería Los Inmortales;Carlos Leonetti;1955;;Salón;Pintura Mural;Gardel en la calle Corrientes;-58.3861;-34.6036
Av. Corrientes 1551;Librería Losada;Juan Carlos Castagnino;1941;3 x 6;Salón ;Fresco;Homenaje al cine;-58.3887;-34.6042
Av. Corrientes 1551;Librería Losada;César López Claro;1941;3 x 6;Salón;Fresco;Las artes;-58.3887;-34.6042
Av. La Plata 2428;Banco Credicoop;Demetrio Urruchúa;1965;;Salón De Entrada;Fresco;Título desconocido;-58.4223;-34.6431
Av. Rivadavia 4975;Galería París;Juan Carlos Castagnino;1959;5,50 x 6;Acceso Av. Rivadavia;Pintura Mural;Hombre - Espacio - Esperanza;-58.4362;-34.6174
Av. Rivadavia 4955;Galería Rivadavia;Anatolio Sokoloff;1956;;Bajo Claraboya Central;Oleo Sobre Tela;El puerto / El descubrimiento de América / La vida urbana;-58.4353;-34.6177
Av. Rivadavia 6836;Galería San José De Flores;Juan Carlos Castagnino;1956;;Cúpula;Fresco;La Fraternidad;-58.4615;-34.6292
Av. Rivadavia 6836;Galería San José De Flores;Juan Carlos Castagnino;1956;;Cúpula;Fresco;La Fertilidad;-58.4615;-34.6292
Av. Rivadavia 6836;Galería San José De Flores;Enrique Policastro;1956;;Cúpula;Fresco;La Pachamama;-58.4615;-34.6292
Av. Rivadavia 6836;Galería San José De Flores;Demetrio Urruchúa;1956;;Cúpula;Fresco;¡Oh, San José de Flores...;-58.4615;-34.6292
Av. Santa Fe 1660;Galería Santa Fe;Raúl Soldi;1954;18 x 19;Cúpula;Fresco;Título desconocido;-58.3909;-34.5965
Av. Santa Fe 1660;Galería Santa Fe;Luis Seoane;1954;;Bóveda Calle Lateral;Fresco;Los Músicos;-58.3909;-34.5965
Av. Santa Fe 1660;Galería Santa Fe;Gertrudis Chale;1954;;Sector M.T. De Alvear;Fresco;El indio;-58.3909;-34.5965
Av. Santa Fe 1660;Galería Santa Fe;Noemí Gerstein;1954;;Acceso Av. Santa Fe;Hierro Forjado;Los obreros;-58.3909;-34.5965
Av. Santa Fe 1660;Galería Santa Fe;Rodolfo Presas, Leopoldo Torres Agüero;1954;;Bóveda Posterior;Fresco;Título desconocido;-58.3909;-34.5965
Av. Santa Fe 1660;Galería Santa Fe;Lepoldo Torres Agüero ;1954;;Sector M.T. De Alvear;Mosaico Veneciano;Título desconocido;-58.3909;-34.5965
Av. Santa Fe 1660;Galería Santa Fe;Leopoldo Torres Agüero;1954;;Acceso M.T. De Alvear;Fresco;Título desconocido;-58.3909;-34.5965
Av. Santa Fe 1660;Galería Santa Fe;Juan Batlle Planas;1954;;Acceso Av. Santa Fe;Fresco;Título desconocido;-58.3909;-34.5965
Av. Santa Fe 1662;Galería Santa Fe;Raúl Soldi;c1950;;Local 3;Fresco;Los amantes;-58.3909;-34.5965
Av. Santa Fe 1860;Librería El Ateneo, Ex Cine Grand Splendid;Nazareno Orlandi;1919;;Salón Central;Marouflage (oleo Sobre Tela Pegado Al Cielorraso);Título desconocido;-58.3942;-34.5962
Florida 1005;Plaza Hotel;Jorge Soto Acébal, Mercedes Rodrigué;1930;;Resaurant La Brasserie;Fresco;Escenas del 900;-58.3748;-34.5959
Florida 753;Galerías Pacífico;Manuel Colmeiro;1946;;Cúpula;Fresco;La pareja humana o El amor maternal;-58.3754;-34.5993
Florida 753;Galerías Pacífico;Demetrio Urruchúa;1946;;Cúpula;Fresco;La fraternidad;-58.3754;-34.5993
Florida 753;Galerías Pacífico;Lino Enea Spilimbergo;1946;;Cúpula;Fresco;El dominio de las fuerzas naturales;-58.3754;-34.5993
Florida 753;Galerías Pacífico;Juan Carlos Castagnino;1946;;Cúpula;Fresco;La vida doméstica o La ofrenda generosa de la Naturaleza;-58.3754;-34.5993
Florida 753;Galerías Pacífico;Antonio Berni;1946;;Cúpula;Fresco;El amor o Germinación de la Tierra;-58.3754;-34.5993
Florida 753;Galerías Pacífico;Carlos Alonso;1992;;;Acrílico S/soporte Rígido;Con los pies en la tierra;-58.3754;-34.5993
Florida 753;Galerías Pacífico;Josefina Robirosa;1992;;;Oleo S/soporte Rígido;Otro tiempo;-58.3754;-34.5993
Florida 753;Galerías Pacífico;Rómulo Macció;1992;;;Acrílico S/soporte Rígido;Florida ida y vuelta;-58.3754;-34.5993
Florida 753;Galerías Pacífico;Guillermo Roux;1992;;;Oleo S/soporte Rígido;Mujer y máscaras;-58.3754;-34.5993
Florida 971;Galería Larreta;Luis Seoane;1958;;Salón Central;Taracea De Mármoles;Título desconocido;-58.3749;-34.5967
Güemes 3657;La Peña Del Colorado;Marcelo Carpita;2001;4 x 4;Muro Frontal En Galería;Acrílico Para Exteriores;Título desconocido;-58.414;-34.5882
Av. Pedro de Mendoza 1795;Hospital Odontológico Infantil;Benito Quinquela Martín;1955;;Fachada;Mural Cerámico;La Boca del Riachuelo;-58.3602;-34.6388
Av. Belgrano 1746;Fundación Favaloro;Raúl Soldi;1994;;Hall De Acceso;Mural Cerámico;Concierto en el jardín;-58.3911;-34.6143
Av. San Martín 3175;Clínica Obra Social Perfumistas;Alberto Bruzzone;1970;;Hall De Acceso;Fresco;La familia;-58.4685;-34.6016
Av. Montes de Oca 40;Hospital De Niños Pedro Elizalde;Luis Felipe Noé;2006;;;Mural Con Pastillas De Vidrio;Ta - Te - Ti;-58.3776;-34.6289
Esteban De Luca 2151;Maternidad Sardá;Jorge Estomba;1973;;Hall;Pintura Mural;El Espacio;-58.4025;-34.6348
Esteban De Luca 2151;Maternidad Sardá;Jorge Estomba;1973;;Hall;Pintura Mural ;La Tierra;-58.4025;-34.6348
Arenales 3768;Vivienda Multifamiliar ;Juan Batlle Planas;1964;3.25 x 10.50;Hall;Fresco;Título desconocido;-58.4149;-34.585
Azcuénaga 1074;Vivienda Multifamiliar ;Luis Seoane;;;Hall;Pintura Mural;título desconocido;-58.4002;-34.5956
Av. Cabildo 563;Viivenda Multifamiliar;Ponciano Cárdenas Canedo;1970;;;Mural Cerámico;Imágenes de mi tierra;-58.4423;-34.5708
Av. Callao 1421;Vivienda Multifamiliar ;Luis Seoane;1956;;Hall;Pintura Mural;Músicos y labradores;-58.3923;-34.5927
Av. Callao 2050;Vivienda Multifamiliar ;Carlos Alonso;1964;6 x 2;Acceso A Garage;Mural Cerámico;Jugando con mariposas;-58.3868;-34.5869
Av. Corrientes 2133;Vivienda Multifamiliar ;Luis Seoane;1972;;Acceso A Garage;Relieve;Título desconocido;-58.3973;-34.6042
Av. De Los Incas 3390;Vivienda Multifamiliar ;Luis Seoane;1971;2 x 5;Hall De Entrada;Oleo;Marisqueras;-58.4613;-34.5735
Av. Del Libertador 5266;Vivienda Multifamiliar ;Susana Fedrano, Rubén Manzo;1973;4 x 2.50;Hall;Relieve En Bronce Y Cobre;Puente;-58.4409;-34.5629
Av. Juan B. Justo 2720;Vivienda Multifamiliar ;Antonio Berni;1943;;Hall;Fresco;Título desconocido;-58.4457;-34.5959
Av. Juan B. Justo 2720;Vivienda Multifamiliar ;Demetrio Urruchúa;1943;;Hall;Fresco;Título desconocido;-58.4457;-34.5959
Av. Pte. Roque Sáenz Peña 950;Oficinas;Roberto Mattiello;1962;4.00 x 10.00;Hall;Altorrelieve En Yeso Y Cobre;Título desconocido;-58.3803;-34.6045
Av. Rivadavia 2031;Vivienda Multifamiliar ;Eduardo Rodríguez Ortega;1905;irregular;Fachada;Relieve;La Casa de los Lirios;-58.3954;-34.6092
Av. Rivadavia 3320;Vivienda Multifamiliar ;Virginio Colombo;1912;;Hall;Mosaico De Vidrios Pintados;Orfeo;-58.4134;-34.6109
Av. Rivadavia 3320;Vivienda Multifamiliar ;Virginio Colombo;1912;;Hall;Mosaico De Vidrios Pintados;Salomé;-58.4134;-34.6109
Av. Rivadavia 6140;Vivienda Multifamiliar ; Pérez Celis;1962;;Hall;Altorrelieve;Fuerza - América;-58.4526;-34.6257
Av. Rivadavia 6740;Vivienda Multifamiliar ;Roberto Obarrio;1965;;Hall;Cerámica Y Ladrillo De Máquina;Título desconocido;-58.4603;-34.6286
Av. Santa Fe 3952;Viivenda Multifamiliar;Luis Falcini;1951;;Hall;Relieve;El desarrolllo macional;-58.4197;-34.5834
French 2778;Vivienda Multifamiliar ;Luis Seoane;1959;;Hall;Pintura Mural Con Resinas Sintéticas;Jinetes;-58.403;-34.5889
Junín 309;Vivienda Multifamiliar ;Carlos Sessano;1964;;Hall;Mural Cerámico;Tres niñios;-58.3965;-34.6057
Hipólito Yrigoyen 2562;Vivienda Multifamiliar ;Virginio Colombo / escultor E. Passina;1912;;Fachada ;Altorrelieves;Sin título;-58.4027;-34.6115
Juramento 2120;Vivienda Multifamiliar ;Luis Seoane;1958;;Hall;Pintura Mural;El carro de la luna / escenas de tauromaquia / Figuras;-58.4539;-34.5607
La Pampa 1924;Vivienda Multifamiliar ;Orlando Pierri;1967;;Hall;Mural Cerámico;Barcas;-58.4497;-34.5624
La Pampa 2088;Vivienda Multifamiliar ;Juan Batlle Planas;1965;;;Pintura Mural;Personajes, La guitarra;-58.4512;-34.5631
Larrea 790;Vivienda Multifamiliar ;Oscar Capristo;1962;;Hall;Mural Cerámico;Plenitud;-58.4027;-34.5994
Luis Sáenz Peña 274;Vivienda Multifamiliar ;Julián García;1911;;Fachada;Mural Cerámico;Sin título;-58.3873;-34.612
Machain 3553;Vivienda Individual;Ariosto Otero;2003;9,40 x 4;Medianera Fondo De La Viv.;Esgrafiado;Los mitos;-58.4864;-34.5597
Montevideo 1920;Vivienda Multifamiliar ;Luis Seoane;1956;5 x 2,50;Hall;Cerámica Y Resinas Sintéticas;Las carretas;-58.3849;-34.5883
Montevideo 1985;Vivienda Multifamiliar ;Luis Seoane;;;Hall;;;-58.384;-34.5881
República Arabe Siria 2637;Vivienda Multifamiliar ;Antonio Berni;;;Hall;Pintura Mural;;-58.4156;-34.5838
Olazabal 3340;Vivienda Individual;Luis Seoane;1954;;Interior;Piedra Picada Reconstituida;Sin título;-58.4673;-34.5658
Paraguay 1269;Vivienda Multifamiliar ;Juan Manuel Sánchez;1983;;Hall;Pintura Mural;Seis mujeres;-58.3851;-34.5979
Paraguay 1307;Vivienda Multifamiliar ;Juan Carlos Castagnino;1959;;Hall;Pintura Mural;Título desconocido;-58.3858;-34.598
Paraguay 1330;La Casa De Los Azulejos;Pío Pinzauti;1911;;Fachada;Mural Cerámico;Escenas pastoriles;-58.3859;-34.5985
Paso 684;Vivienda Multifamiliar ;Julián García;1910;;Fachada;Altorrelieves;Sin título;-58.4036;-34.6012
Tres de Febrero 1479;Vivienda Multifamiliar ;Susana Fedrano, Rubén Manzo;1973;;Hall;Relieve En Bronce Y Cobre;Hombre temporal;-58.4468;-34.5651
Urquiza 41;Vivienda Multifamiliar ;Antonio Berni;1936;3 x 3;Hall;Fresco;Alegorias de la Ciudad Moderna;-58.4105;-34.6109
Urquiza 41;Vivienda Multifamiliar ;Antonio Berni;1936;3 x 3;Hall;Fresco;Alegorias de la Ciudad Moderna;-58.4105;-34.6109
Viamonte 2040;Vivienda Multifamiliar ;Adolfo De Ferrari;c1950;;Hall;Mural Cerámico;Título desconocido;-58.3962;-34.6012
Viamonte 2660;Vivienda Multifamiliar ;Juan Carlos Castagnino;1947;2 x 1.50;Hall;Fresco;Título desconocido;-58.4041;-34.6012
Viamonte 867;Oficinas;Lino Enea Spilimbergo;1955;2.00 x 2.00;Hall;Pintura Mural;Alegoría;-58.3791;-34.5998
Av. Federico Lacroze 4183;Estacción Lacroze, Ex Ffcc Urquiza;Luis Perlotti;1934;1,50 x 8;Hall;Altorelieve;El progreso de la Mesopotamia;-58.4551;-34.5871
Somellera y M. Leguizamón;Est. Lugano Fcg.M.Belgrano;Héctor Rapisarda;1992;;Fachada;Pintura Mural;El tren lechero;-58.4773;-34.677
Somellera y M. Leguizamón;Est. Lugano Fcg.M.Belgrano;Héctor Rapisarda;1992;;Fachada;Pintura Mural;La llegada de los inmigrantes;-58.4773;-34.677
Av. Almirante Brown 735;Edificio Industrial;Taller mural Qunqa, Centro de Est. IUNA;2002;2 x 3;Fachada;Pintura Mural;Por pan y por trabajo;-58.3619;-34.6315
Av. Almirante Brown 38;;Omar Gasparini;1999;;Fachada;Técnica Mixta;Entrada a La Boca;-58.3673;-34.6273
Av. Belgrano y Piedras;Plaza Belgrano;"Nilda Noemí ""Munú"" Actis Goretta y col.";1994;;Muro Divisorio;Pintura Mural;A nuestros hermanos de América;-58.3776;-34.6129
Av. de Mayo y Bernardo de Irigoyen;Edificio De Viviendas;Alfredo Segatori (Pelado);2001;;Fachada Frente;Pintura Mural;La ciudad contra la pared;-58.3807;-34.609
Av.Garay y Av. Paseo Colón;;Taller Muralista de la UTE;2001;20 x 5;Medianera;Pintura Mural;Mural Educación o Esclavitud;-58.3681;-34.6241
Av. Independencia y Av. Paseo Colón;Plazoleta Edmundo Rivero;"Nilda Noemí ""Munú"" Actis Goretta y col.";1993;;Medianera;Pintura Mural;Tango;-58.3687;-34.617
Av. Independencia y Av. Paseo Colón;Plaz. Edmundo Rivero;Eduardo Nalé / Jorge Muscia;1990;;Medianera;Pintura Mural;Título desconocido;-58.3687;-34.617
Av. La Plata 2193;Fachada Esq. Av. La Plata Y Pasaje Butteler;Carlos Terríbili;1998;;Fachada;Pintura Mural;Enrique Santos Discépolo;-58.4238;-34.64
Av. Paseo Colón 1250;"Ex Centro ""el Atlético""";Grupo Tótem;1995;;Columna Autopista;Esmalte Sintético, Figuras En Hierro;Homenaje a los desaparecidos;-58.3671;-34.6221
Av. Pedro de Mendoza 1629;Ex Proveeduría Del Sur;Vincent Walter;c1980;15 x 2;Fachada;Relieve En Cemento;Trabajo;-58.3576;-34.6385
Av. Pedro de Mendoza 2002;;Cristina Terzaghi;1999;4 x 19;Fachada;Mural Esgrafiado;Homenaje a La Boca;-58.3617;-34.6402
Av. San Juan 455;Garage Comercial;Diego Perrotta;2005;;Fachada;Pintura Mural;San Telmo, qué hay de nuevo;-58.3722;-34.6216
Av. San Juan 455;Garage Comercial;Naso;2004;;Fachada;Pintura Mural;San Telmo, qué hay de nuevo;-58.3722;-34.6216
Brandsen 350;B/puente N.Avellaneda;Grupo Esteban Ferreira;1992;;;Pintura Mural;Periodistas - La filmación;-58.3585;-34.6342
California y Gral. Hornos;Autopista 9 De Julio;Taller Muralista de la UTE;2001;irregular;Plano Inclinado Autopista;Pintura Mural;Mural por Trabajo, Dignidad y Cambio Social;-58.3743;-34.647
Coronel Apolinario Figueroa 600;Edificio Industrial;Alumn. de Esc. Prilidiano Pueyrredón;1984;3,49 x 7,77;Fachada;Pintura Mural;Guernica;-58.4481;-34.6061
Defensa 573;Sobre Línea Oficial De Edifcación;Alberto Arregui, alumn.Esc.Pueyrredón;1991;5 x 2;S/línea Municipal;Esmalte Sintético S/chapa;Homenaje al Rotary de San Telmo;-58.3721;-34.6146
Hernandarias 845;Edificio Industrial;Vincent Walter;1980;3 x 2;Fachada;Altorrelieve En Cemento Coloreado;"Transporte ""José Beraldi S.A.""";-58.3682;-34.6368
Hernandarias 845;Edificio Industrial;Vincent Walter;1980;3 x 2;Fachada;Altorrelieve En Cemento Coloreado;La fiesta;-58.3682;-34.6368
Perú y Chile;Plazoleta Rodolfo Walsh;;1990;;Muro Divisorio;Pintura Mural;En recuerdo de la masacre de Trelew;-58.3745;-34.6161
Pinzón 567;;Vincent Walter;1989;3 x 2;Fachada;Altorrelieve En Cemento Coloreado;Caminito;-58.3624;-34.6344
San Lorenzo y Balcarce;Fachada;Giampietro / Jaime / Nola;1995;15 x 2;Muro Línea Municipal;Pintura Mural;Título desconocido;-58.3703;-34.6166
Uspallata 2802;Fachada;Grupo Muralista de Ricardo Villar;1996;740 m2;Fachadas;Pintura Mural;Escena urbana;-58.4023;-34.6396
